{"noiseKey":{"private":{"type":"Buffer","data":"QK+OYigquQl0QlOJblF2T0aqgUoLInDscCmgm8Mku0M="},"public":{"type":"Buffer","data":"tYZAi6I2Jp49MJEGslGK5okXwOI6t1rMZyVQ9fvuZCI="}},"pairingEphemeralKeyPair":{"private":{"type":"Buffer","data":"EFL3JOPAOywxi52OLBanysRbezueWAA1/JvAxmpJLlM="},"public":{"type":"Buffer","data":"ZsguTTx1cH4IDKKwGzBkJA3lpEjFsqFmaKWH+hWhKnI="}},"signedIdentityKey":{"private":{"type":"Buffer","data":"GM4S0CMwtKY8L08F4tuizQn/FyEZg3HdUoDLAp1JdEQ="},"public":{"type":"Buffer","data":"fqqKz23YxruzWBSnTMgiqvv4wUy8kU/8vEhFlnttSh8="}},"signedPreKey":{"keyPair":{"private":{"type":"Buffer","data":"SAoDRL4yhxyL1gbB+NmDKVoT9+TCGpYNChVENuM1S0Q="},"public":{"type":"Buffer","data":"qdPeDHAlwnQT6mVk/aCjpurdXuqQXNQTE11b1lvFBEg="}},"signature":{"type":"Buffer","data":"0jbZbmiKxIMnmAWDyMtlNn8zPo1+fW8u5jO/XUck958xZNqJvDjNvxwcHG4Ui4LOXfYZnhg20tTLuuvp8x6eDw=="},"keyId":1},"registrationId":67,"advSecretKey":"2M5oMssBNK5wZQOFtwchDT+KONwy3DFJZcICHl04Q+E=","processedHistoryMessages":[],"nextPreKeyId":1,"firstUnuploadedPreKeyId":1,"accountSyncCounter":0,"accountSettings":{"unarchiveChats":false},"registered":false,"account":{"details":{"type":"Buffer","data":"CPvEnZkDEJKkssYGGAIgACgA"},"accountSignatureKey":{"type":"Buffer","data":"udeXRNsBQ0GXeTEg6//0dMDyxMWfSlws9hj+9UL+xj8="},"accountSignature":{"type":"Buffer","data":"NytF+NMJ/H71bsWZGLk2wXKmmA5rorsPfc05Z/VVldz2K8ZKy/8Ch8QgEGyONcgHvLK+ePou1d2azzp6lOtfDQ=="},"deviceSignature":{"type":"Buffer","data":"JQENOoN1wtkzSCZPa2JfGu+lAZZlvO7rMFmU5gOJ/BDTxANO23D44GxbVg3gHDU19oivAuDUI4rPGGKKQYomDQ=="}},"me":{"id":"2348141772821@s.whatsapp.net","name":"~"},"signalIdentities":[{"identifier":{"name":"30232660701237:8@lid","deviceId":0},"identifierKey":{"type":"Buffer","data":"BbnXl0TbAUNBl3kxIOv/9HTA8sTFn0pcLPYY/vVC/sY/"}}],"platform":"android","pairingCode":"P92N27BG"}